{
  "Total" : {
    "transaction" : "Total",
    "sampleCount" : 8000,
    "errorCount" : 3007,
    "errorPct" : 37.5875,
    "meanResTime" : 4921.270999999988,
    "medianResTime" : 2603.5,
    "minResTime" : 0.0,
    "maxResTime" : 32356.0,
    "pct1ResTime" : 11666.800000000001,
    "pct2ResTime" : 15390.8,
    "pct3ResTime" : 23957.689999999995,
    "throughput" : 66.9428057403456,
    "receivedKBytesPerSec" : 72.18062267269153,
    "sentKBytesPerSec" : 8.115336113028745
  },
  "HTTP Request" : {
    "transaction" : "HTTP Request",
    "sampleCount" : 8000,
    "errorCount" : 3007,
    "errorPct" : 37.5875,
    "meanResTime" : 4921.270999999988,
    "medianResTime" : 2603.5,
    "minResTime" : 0.0,
    "maxResTime" : 32356.0,
    "pct1ResTime" : 11666.800000000001,
    "pct2ResTime" : 15390.8,
    "pct3ResTime" : 23957.689999999995,
    "throughput" : 66.9428057403456,
    "receivedKBytesPerSec" : 72.18062267269153,
    "sentKBytesPerSec" : 8.115336113028745
  }
}