{
  "Criar Reserva" : {
    "transaction" : "Criar Reserva",
    "sampleCount" : 500,
    "errorCount" : 0,
    "errorPct" : 0.0,
    "meanResTime" : 21.868000000000006,
    "medianResTime" : 17.0,
    "minResTime" : 11.0,
    "maxResTime" : 143.0,
    "pct1ResTime" : 40.900000000000034,
    "pct2ResTime" : 50.0,
    "pct3ResTime" : 64.99000000000001,
    "throughput" : 10.84857558202608,
    "receivedKBytesPerSec" : 8.568425356375709,
    "sentKBytesPerSec" : 6.2548818590119115
  },
  "Obter slots ocupados" : {
    "transaction" : "Obter slots ocupados",
    "sampleCount" : 500,
    "errorCount" : 0,
    "errorPct" : 0.0,
    "meanResTime" : 13.745999999999997,
    "medianResTime" : 10.0,
    "minResTime" : 6.0,
    "maxResTime" : 72.0,
    "pct1ResTime" : 26.0,
    "pct2ResTime" : 35.94999999999999,
    "pct3ResTime" : 48.99000000000001,
    "throughput" : 10.83822859991763,
    "receivedKBytesPerSec" : 33.10428966927145,
    "sentKBytesPerSec" : 3.6663695185658853
  },
  "Obter Detalhes da Track Selecionada" : {
    "transaction" : "Obter Detalhes da Track Selecionada",
    "sampleCount" : 500,
    "errorCount" : 0,
    "errorPct" : 0.0,
    "meanResTime" : 9.124000000000006,
    "medianResTime" : 6.0,
    "minResTime" : 4.0,
    "maxResTime" : 58.0,
    "pct1ResTime" : 17.0,
    "pct2ResTime" : 24.0,
    "pct3ResTime" : 47.97000000000003,
    "throughput" : 10.80426984744371,
    "receivedKBytesPerSec" : 19.445575516444098,
    "sentKBytesPerSec" : 1.6459629845715027
  },
  "Debug Sampler" : {
    "transaction" : "Debug Sampler",
    "sampleCount" : 500,
    "errorCount" : 0,
    "errorPct" : 0.0,
    "meanResTime" : 0.40399999999999947,
    "medianResTime" : 0.0,
    "minResTime" : 0.0,
    "maxResTime" : 14.0,
    "pct1ResTime" : 1.0,
    "pct2ResTime" : 1.0,
    "pct3ResTime" : 13.0,
    "throughput" : 10.858234885337039,
    "receivedKBytesPerSec" : 10.378097311501042,
    "sentKBytesPerSec" : 0.0
  },
  "Obter karts" : {
    "transaction" : "Obter karts",
    "sampleCount" : 500,
    "errorCount" : 0,
    "errorPct" : 0.0,
    "meanResTime" : 12.957999999999993,
    "medianResTime" : 9.0,
    "minResTime" : 5.0,
    "maxResTime" : 61.0,
    "pct1ResTime" : 25.0,
    "pct2ResTime" : 30.0,
    "pct3ResTime" : 45.0,
    "throughput" : 10.809174827593662,
    "receivedKBytesPerSec" : 6.724066762868323,
    "sentKBytesPerSec" : 3.5087594850509114
  },
  "Total" : {
    "transaction" : "Total",
    "sampleCount" : 4000,
    "errorCount" : 0,
    "errorPct" : 0.0,
    "meanResTime" : 22.324500000000036,
    "medianResTime" : 9.0,
    "minResTime" : 0.0,
    "maxResTime" : 326.0,
    "pct1ResTime" : 78.0,
    "pct2ResTime" : 92.0,
    "pct3ResTime" : 157.98999999999978,
    "throughput" : 77.10248848281579,
    "receivedKBytesPerSec" : 94.15158801008116,
    "sentKBytesPerSec" : 20.133989668266544
  },
  "Obter Users" : {
    "transaction" : "Obter Users",
    "sampleCount" : 500,
    "errorCount" : 0,
    "errorPct" : 0.0,
    "meanResTime" : 10.38199999999999,
    "medianResTime" : 8.0,
    "minResTime" : 4.0,
    "maxResTime" : 56.0,
    "pct1ResTime" : 18.0,
    "pct2ResTime" : 23.0,
    "pct3ResTime" : 39.950000000000045,
    "throughput" : 10.808473843493298,
    "receivedKBytesPerSec" : 8.655223194984869,
    "sentKBytesPerSec" : 3.3818701361867705
  },
  "Login" : {
    "transaction" : "Login",
    "sampleCount" : 500,
    "errorCount" : 0,
    "errorPct" : 0.0,
    "meanResTime" : 102.722,
    "medianResTime" : 86.0,
    "minResTime" : 68.0,
    "maxResTime" : 326.0,
    "pct1ResTime" : 152.80000000000007,
    "pct2ResTime" : 184.95,
    "pct3ResTime" : 281.0,
    "throughput" : 10.410810585712204,
    "receivedKBytesPerSec" : 9.355841668488559,
    "sentKBytesPerSec" : 2.4359670081412537
  },
  "Listar Pistas" : {
    "transaction" : "Listar Pistas",
    "sampleCount" : 500,
    "errorCount" : 0,
    "errorPct" : 0.0,
    "meanResTime" : 7.3919999999999995,
    "medianResTime" : 6.0,
    "minResTime" : 3.0,
    "maxResTime" : 56.0,
    "pct1ResTime" : 13.0,
    "pct2ResTime" : 17.0,
    "pct3ResTime" : 31.0,
    "throughput" : 10.449320794148381,
    "receivedKBytesPerSec" : 8.857432079414838,
    "sentKBytesPerSec" : 1.5714798850574712
  }
}