{
  "Total" : {
    "transaction" : "Total",
    "sampleCount" : 1600,
    "errorCount" : 0,
    "errorPct" : 0.0,
    "meanResTime" : 83.5093749999999,
    "medianResTime" : 59.0,
    "minResTime" : 12.0,
    "maxResTime" : 835.0,
    "pct1ResTime" : 148.0,
    "pct2ResTime" : 197.89999999999964,
    "pct3ResTime" : 688.0,
    "throughput" : 65.34346156987667,
    "receivedKBytesPerSec" : 32.9309669300825,
    "sentKBytesPerSec" : 12.64673563464837
  },
  "HTTP Request" : {
    "transaction" : "HTTP Request",
    "sampleCount" : 1600,
    "errorCount" : 0,
    "errorPct" : 0.0,
    "meanResTime" : 83.5093749999999,
    "medianResTime" : 59.0,
    "minResTime" : 12.0,
    "maxResTime" : 835.0,
    "pct1ResTime" : 148.0,
    "pct2ResTime" : 197.89999999999964,
    "pct3ResTime" : 688.0,
    "throughput" : 65.34346156987667,
    "receivedKBytesPerSec" : 32.9309669300825,
    "sentKBytesPerSec" : 12.64673563464837
  }
}