{
  "Total" : {
    "transaction" : "Total",
    "sampleCount" : 4000,
    "errorCount" : 261,
    "errorPct" : 6.525,
    "meanResTime" : 1548.8567499999988,
    "medianResTime" : 1535.0,
    "minResTime" : 0.0,
    "maxResTime" : 9251.0,
    "pct1ResTime" : 3086.0,
    "pct2ResTime" : 3369.0,
    "pct3ResTime" : 4733.779999999995,
    "throughput" : 79.35720662632676,
    "receivedKBytesPerSec" : 47.95256081985914,
    "sentKBytesPerSec" : 14.355265319660747
  },
  "HTTP Request" : {
    "transaction" : "HTTP Request",
    "sampleCount" : 4000,
    "errorCount" : 261,
    "errorPct" : 6.525,
    "meanResTime" : 1548.8567499999988,
    "medianResTime" : 1535.0,
    "minResTime" : 0.0,
    "maxResTime" : 9251.0,
    "pct1ResTime" : 3086.0,
    "pct2ResTime" : 3369.0,
    "pct3ResTime" : 4733.779999999995,
    "throughput" : 79.35720662632676,
    "receivedKBytesPerSec" : 47.95256081985914,
    "sentKBytesPerSec" : 14.355265319660747
  }
}