{
  "Criar Reserva" : {
    "transaction" : "Criar Reserva",
    "sampleCount" : 100,
    "errorCount" : 0,
    "errorPct" : 0.0,
    "meanResTime" : 40.65999999999998,
    "medianResTime" : 29.0,
    "minResTime" : 17.0,
    "maxResTime" : 239.0,
    "pct1ResTime" : 66.70000000000002,
    "pct2ResTime" : 105.1499999999998,
    "pct3ResTime" : 239.0,
    "throughput" : 2.193655947001272,
    "receivedKBytesPerSec" : 1.7298176797701048,
    "sentKBytesPerSec" : 1.264779756942921
  },
  "Obter slots ocupados" : {
    "transaction" : "Obter slots ocupados",
    "sampleCount" : 100,
    "errorCount" : 0,
    "errorPct" : 0.0,
    "meanResTime" : 19.55,
    "medianResTime" : 16.0,
    "minResTime" : 9.0,
    "maxResTime" : 87.0,
    "pct1ResTime" : 31.900000000000006,
    "pct2ResTime" : 46.799999999999955,
    "pct3ResTime" : 86.66999999999983,
    "throughput" : 2.192357441957337,
    "receivedKBytesPerSec" : 6.546606264935435,
    "sentKBytesPerSec" : 0.7416334159121303
  },
  "Obter Detalhes da Track Selecionada" : {
    "transaction" : "Obter Detalhes da Track Selecionada",
    "sampleCount" : 100,
    "errorCount" : 0,
    "errorPct" : 0.0,
    "meanResTime" : 10.200000000000001,
    "medianResTime" : 7.0,
    "minResTime" : 6.0,
    "maxResTime" : 38.0,
    "pct1ResTime" : 19.900000000000006,
    "pct2ResTime" : 24.0,
    "pct3ResTime" : 37.929999999999964,
    "throughput" : 2.177747773252902,
    "receivedKBytesPerSec" : 3.91952065049326,
    "sentKBytesPerSec" : 0.3317662623314968
  },
  "Debug Sampler" : {
    "transaction" : "Debug Sampler",
    "sampleCount" : 100,
    "errorCount" : 0,
    "errorPct" : 0.0,
    "meanResTime" : 0.38,
    "medianResTime" : 0.0,
    "minResTime" : 0.0,
    "maxResTime" : 8.0,
    "pct1ResTime" : 1.0,
    "pct2ResTime" : 1.0,
    "pct3ResTime" : 8.0,
    "throughput" : 2.205412081247381,
    "receivedKBytesPerSec" : 2.1061254631365367,
    "sentKBytesPerSec" : 0.0
  },
  "Obter karts" : {
    "transaction" : "Obter karts",
    "sampleCount" : 100,
    "errorCount" : 0,
    "errorPct" : 0.0,
    "meanResTime" : 21.16999999999999,
    "medianResTime" : 14.0,
    "minResTime" : 8.0,
    "maxResTime" : 102.0,
    "pct1ResTime" : 41.900000000000006,
    "pct2ResTime" : 75.94999999999999,
    "pct3ResTime" : 101.95999999999998,
    "throughput" : 2.181500872600349,
    "receivedKBytesPerSec" : 1.3570469295375218,
    "sentKBytesPerSec" : 0.7081356348167539
  },
  "Total" : {
    "transaction" : "Total",
    "sampleCount" : 800,
    "errorCount" : 0,
    "errorPct" : 0.0,
    "meanResTime" : 27.26875000000002,
    "medianResTime" : 13.0,
    "minResTime" : 0.0,
    "maxResTime" : 451.0,
    "pct1ResTime" : 81.0,
    "pct2ResTime" : 97.0,
    "pct3ResTime" : 184.70000000000027,
    "throughput" : 15.554216164719149,
    "receivedKBytesPerSec" : 18.855518799943617,
    "sentKBytesPerSec" : 4.061716213326075
  },
  "Obter Users" : {
    "transaction" : "Obter Users",
    "sampleCount" : 100,
    "errorCount" : 0,
    "errorPct" : 0.0,
    "meanResTime" : 15.79,
    "medianResTime" : 11.0,
    "minResTime" : 7.0,
    "maxResTime" : 107.0,
    "pct1ResTime" : 24.900000000000006,
    "pct2ResTime" : 30.799999999999955,
    "pct3ResTime" : 106.95999999999998,
    "throughput" : 2.177226213803614,
    "receivedKBytesPerSec" : 1.7434819290224255,
    "sentKBytesPerSec" : 0.6812336708033965
  },
  "Login" : {
    "transaction" : "Login",
    "sampleCount" : 100,
    "errorCount" : 0,
    "errorPct" : 0.0,
    "meanResTime" : 102.07000000000001,
    "medianResTime" : 86.0,
    "minResTime" : 73.0,
    "maxResTime" : 451.0,
    "pct1ResTime" : 132.50000000000003,
    "pct2ResTime" : 183.49999999999966,
    "pct3ResTime" : 450.16999999999956,
    "throughput" : 2.102430409553444,
    "receivedKBytesPerSec" : 1.8879989330165672,
    "sentKBytesPerSec" : 0.49193586536035655
  },
  "Listar Pistas" : {
    "transaction" : "Listar Pistas",
    "sampleCount" : 100,
    "errorCount" : 0,
    "errorPct" : 0.0,
    "meanResTime" : 8.329999999999997,
    "medianResTime" : 7.0,
    "minResTime" : 5.0,
    "maxResTime" : 25.0,
    "pct1ResTime" : 11.0,
    "pct2ResTime" : 19.0,
    "pct3ResTime" : 24.949999999999974,
    "throughput" : 2.123638216993353,
    "receivedKBytesPerSec" : 1.800115207373272,
    "sentKBytesPerSec" : 0.319375278727516
  }
}