{
  "Criar Reserva" : {
    "transaction" : "Criar Reserva",
    "sampleCount" : 1000,
    "errorCount" : 20,
    "errorPct" : 2.0,
    "meanResTime" : 22.977000000000025,
    "medianResTime" : 15.0,
    "minResTime" : 0.0,
    "maxResTime" : 137.0,
    "pct1ResTime" : 44.0,
    "pct2ResTime" : 60.0,
    "pct3ResTime" : 122.0,
    "throughput" : 21.46199081426793,
    "receivedKBytesPerSec" : 17.26405475356269,
    "sentKBytesPerSec" : 12.226732686880284
  },
  "Obter slots ocupados" : {
    "transaction" : "Obter slots ocupados",
    "sampleCount" : 1000,
    "errorCount" : 4,
    "errorPct" : 0.4,
    "meanResTime" : 13.615999999999993,
    "medianResTime" : 9.0,
    "minResTime" : 0.0,
    "maxResTime" : 130.0,
    "pct1ResTime" : 28.0,
    "pct2ResTime" : 35.0,
    "pct3ResTime" : 55.0,
    "throughput" : 21.457846061412358,
    "receivedKBytesPerSec" : 65.4066789892818,
    "sentKBytesPerSec" : 7.229680593255798
  },
  "Obter Detalhes da Track Selecionada" : {
    "transaction" : "Obter Detalhes da Track Selecionada",
    "sampleCount" : 1000,
    "errorCount" : 7,
    "errorPct" : 0.7,
    "meanResTime" : 12.729999999999988,
    "medianResTime" : 9.0,
    "minResTime" : 0.0,
    "maxResTime" : 112.0,
    "pct1ResTime" : 26.0,
    "pct2ResTime" : 32.0,
    "pct3ResTime" : 55.930000000000064,
    "throughput" : 21.40685875754592,
    "receivedKBytesPerSec" : 38.56435152604144,
    "sentKBytesPerSec" : 3.238372730872972
  },
  "Debug Sampler" : {
    "transaction" : "Debug Sampler",
    "sampleCount" : 1000,
    "errorCount" : 0,
    "errorPct" : 0.0,
    "meanResTime" : 0.22099999999999986,
    "medianResTime" : 0.0,
    "minResTime" : 0.0,
    "maxResTime" : 15.0,
    "pct1ResTime" : 1.0,
    "pct2ResTime" : 1.0,
    "pct3ResTime" : 1.0,
    "throughput" : 21.49104897810062,
    "receivedKBytesPerSec" : 20.56735361909265,
    "sentKBytesPerSec" : 0.0
  },
  "Obter karts" : {
    "transaction" : "Obter karts",
    "sampleCount" : 1000,
    "errorCount" : 6,
    "errorPct" : 0.6,
    "meanResTime" : 12.608000000000013,
    "medianResTime" : 8.0,
    "minResTime" : 0.0,
    "maxResTime" : 101.0,
    "pct1ResTime" : 25.0,
    "pct2ResTime" : 34.94999999999993,
    "pct3ResTime" : 57.99000000000001,
    "throughput" : 21.40044512925869,
    "receivedKBytesPerSec" : 13.494757058134308,
    "sentKBytesPerSec" : 6.905112766970553
  },
  "Total" : {
    "transaction" : "Total",
    "sampleCount" : 8000,
    "errorCount" : 51,
    "errorPct" : 0.6375,
    "meanResTime" : 23.690374999999975,
    "medianResTime" : 9.0,
    "minResTime" : 0.0,
    "maxResTime" : 461.0,
    "pct1ResTime" : 80.0,
    "pct2ResTime" : 102.0,
    "pct3ResTime" : 170.0,
    "throughput" : 153.38305500699812,
    "receivedKBytesPerSec" : 188.0195963329467,
    "sentKBytesPerSec" : 39.78183881717699
  },
  "Obter Users" : {
    "transaction" : "Obter Users",
    "sampleCount" : 1000,
    "errorCount" : 5,
    "errorPct" : 0.5,
    "meanResTime" : 11.409000000000002,
    "medianResTime" : 7.0,
    "minResTime" : 0.0,
    "maxResTime" : 128.0,
    "pct1ResTime" : 23.899999999999977,
    "pct2ResTime" : 30.949999999999932,
    "pct3ResTime" : 49.960000000000036,
    "throughput" : 21.404109589041095,
    "receivedKBytesPerSec" : 17.272781999143834,
    "sentKBytesPerSec" : 6.663596793396833
  },
  "Login" : {
    "transaction" : "Login",
    "sampleCount" : 1000,
    "errorCount" : 0,
    "errorPct" : 0.0,
    "meanResTime" : 108.19699999999995,
    "medianResTime" : 91.0,
    "minResTime" : 65.0,
    "maxResTime" : 461.0,
    "pct1ResTime" : 159.0,
    "pct2ResTime" : 208.8499999999998,
    "pct3ResTime" : 300.99,
    "throughput" : 20.71808896347401,
    "receivedKBytesPerSec" : 18.63632567281994,
    "sentKBytesPerSec" : 4.847709097312864
  },
  "Listar Pistas" : {
    "transaction" : "Listar Pistas",
    "sampleCount" : 1000,
    "errorCount" : 9,
    "errorPct" : 0.9,
    "meanResTime" : 7.765000000000002,
    "medianResTime" : 5.0,
    "minResTime" : 0.0,
    "maxResTime" : 83.0,
    "pct1ResTime" : 15.0,
    "pct2ResTime" : 19.949999999999932,
    "pct3ResTime" : 35.99000000000001,
    "throughput" : 20.791317545792875,
    "receivedKBytesPerSec" : 17.847011150643493,
    "sentKBytesPerSec" : 3.0986778671226896
  }
}